dataset,candidate,bootstrap,seed,n_patients,state,qualified,movement,movement_lcb,utility,utility_lcb,utility_ucb,retention,retention_lcb,retention_ucb,retention_stability,reference_risk,retained_risk,runtime_s
AML,GraphFlow,250,20260903,21,Promising,False,0.1875403545878145,0.1377129436989591,0.0228599205287271,0.0009496925087666,0.048914080695473,0.0103226797182117,-0.004539471499836,0.024098489259854,1.0,0.1443195065844314,0.1339968268662197,2.783862352371216
AML,GraphFlow,250,20261003,21,Promising,False,0.1875403545878145,0.1377129436989591,0.0228599205287271,0.0042207998995251,0.0455863494556482,0.0104483806847096,-0.0010926574563527,0.0261961622079681,1.0,0.1443195065844314,0.1338711258997218,2.645020008087158
AML,GraphFlow,250,20261103,21,Promising,False,0.1875403545878145,0.1377129436989591,0.0228599205287271,0.0008537384366514,0.0437247649462817,0.0106536297912538,-0.0031635480269588,0.0233812842359522,1.0,0.1443195065844314,0.1336658767931776,2.703875541687012
AML,GraphFlow,250,20261203,21,Promising,False,0.1875403545878145,0.1377129436989591,0.0228599205287271,0.0035600237732922,0.0479335054391472,0.0106598229082232,-0.0053837708901347,0.0274720822695879,1.0,0.1443195065844314,0.1336596836762081,2.531419038772583
AML,GraphFlow,500,20260903,21,Promising,False,0.1875403545878145,0.1377129436989591,0.0228599205287271,0.000406330447801,0.0466404666844154,0.0104564738766179,-0.0040265623318193,0.024028431945467,1.0,0.1443195065844314,0.1338630327078135,2.445160150527954
AML,GraphFlow,500,20261003,21,Promising,False,0.1875403545878145,0.1377129436989591,0.0228599205287271,0.003060341104651,0.0468961086916662,0.0106500133159931,-0.0022364697960915,0.0247105103177353,1.0,0.1443195065844314,0.1336694932684383,2.476371049880981
AML,GraphFlow,500,20261103,21,Promising,False,0.1875403545878145,0.1377129436989591,0.0228599205287271,0.0013944057093749,0.0457906261971862,0.0107238842784292,-0.0033150281899187,0.0250396100664271,1.0,0.1443195065844314,0.1335956223060022,2.566893577575684
AML,GraphFlow,500,20261203,21,Promising,False,0.1875403545878145,0.1377129436989591,0.0228599205287271,0.0030651534121588,0.0473670179880758,0.010687475712069,-0.002230718885541,0.0263160480074927,1.0,0.1443195065844314,0.1336320308723624,2.54878044128418
AML,GraphFlow,1000,20260903,21,Promising,False,0.1875403545878145,0.1377129436989591,0.0228599205287271,0.0011990730354458,0.0469277758628686,0.0106230532702986,-0.0035864145762985,0.0245816473772999,1.0,0.1443195065844314,0.1336964533141328,2.542676448822021
AML,GraphFlow,1000,20261003,21,Promising,False,0.1875403545878145,0.1377129436989591,0.0228599205287271,0.0004998585550846,0.0473840770725342,0.0106223605121473,-0.0030099494840509,0.0250756098434142,1.0,0.1443195065844314,0.133697146072284,2.4544591903686523
AML,GraphFlow,1000,20261103,21,Promising,False,0.1875403545878145,0.1377129436989591,0.0228599205287271,0.0013309877223282,0.044960229041257,0.0107056799952491,-0.0027844946689605,0.025279355769631,1.0,0.1443195065844314,0.1336138265891823,2.5237956047058105
AML,GraphFlow,1000,20261203,21,Promising,False,0.1875403545878145,0.1377129436989591,0.0228599205287271,0.0019253172071203,0.0470347613292699,0.010687475712069,-0.002767154541949,0.0259554505126612,1.0,0.1443195065844314,0.1336320308723624,2.455824375152588
AML,GraphFlow,2000,20260903,21,Promising,False,0.1875403545878145,0.1377129436989591,0.0228599205287271,0.0008386474660122,0.0460506653762636,0.0106692714288889,-0.0033727327482892,0.0251469497517047,1.0,0.1443195065844314,0.1336502351555425,2.5847747325897217
AML,GraphFlow,2000,20261003,21,Equivocal,False,0.1875403545878145,0.1377129436989591,0.0228599205287271,-0.0001705894462819,0.0458864939578989,0.0106780271914033,-0.003040051506897,0.0253820934553072,1.0,0.1443195065844314,0.133641479393028,2.5566534996032715
AML,GraphFlow,2000,20261103,21,Promising,False,0.1875403545878145,0.1377129436989591,0.0228599205287271,0.0011906374535525,0.0459154349151856,0.0106598229082232,-0.0032967230140894,0.0254653599479562,1.0,0.1443195065844314,0.1336596836762081,2.616271495819092
AML,GraphFlow,2000,20261203,21,Promising,False,0.1875403545878145,0.1377129436989591,0.0228599205287271,0.0011893142574662,0.0459898935206782,0.0106510671457088,-0.0033410746029297,0.0253077513263705,1.0,0.1443195065844314,0.1336684394387225,2.599525451660156
GSE123813,RobustBlend,250,20260903,9,Qualified,True,0.1295655393776516,0.1083909289028711,0.0225661254897768,0.0129952704729221,0.0345720401807502,0.0074125575616616,0.0029330270995818,0.0121384411432217,0.7777777777777778,0.0705814804265144,0.0631689228648528,0.5722379684448242
GSE123813,RobustBlend,250,20261003,9,Qualified,True,0.1295655393776516,0.1083909289028711,0.0225661254897768,0.0109353858470099,0.0340966478915749,0.0074125575616616,0.0022103832253133,0.0130857318380557,0.7777777777777778,0.0705814804265144,0.0631689228648528,0.5523221492767334
GSE123813,RobustBlend,250,20261103,9,Qualified,True,0.1295655393776516,0.1083909289028711,0.0225661254897768,0.0118516794405972,0.0349480125741002,0.0074125575616616,0.002342348008972,0.0131428568237192,0.7777777777777778,0.0705814804265144,0.0631689228648528,0.548335075378418
GSE123813,RobustBlend,250,20261203,9,Qualified,True,0.1295655393776516,0.1083909289028711,0.0225661254897768,0.0106996921261235,0.0346489088503417,0.0074125575616616,0.0021668167266451,0.0135378675121701,0.7777777777777778,0.0705814804265144,0.0631689228648528,0.5730886459350586
GSE123813,RobustBlend,500,20260903,9,Qualified,True,0.1295655393776516,0.1083909289028711,0.0225661254897768,0.011857046805802,0.0343972493586892,0.0074125575616616,0.0028277669695411,0.0130185962544068,0.7777777777777778,0.0705814804265144,0.0631689228648528,0.5634026527404785
GSE123813,RobustBlend,500,20261003,9,Qualified,True,0.1295655393776516,0.1083909289028711,0.0225661254897768,0.0110799842345103,0.0341639086044271,0.0074125575616616,0.0022103832253133,0.0133463535367078,0.7777777777777778,0.0705814804265144,0.0631689228648528,0.5584228038787842
GSE123813,RobustBlend,500,20261103,9,Qualified,True,0.1295655393776516,0.1083909289028711,0.0225661254897768,0.0112700427642304,0.0353760327793027,0.0074125575616616,0.0025057227706182,0.0130986342570084,0.7777777777777778,0.0705814804265144,0.0631689228648528,0.5175185203552246
GSE123813,RobustBlend,500,20261203,9,Qualified,True,0.1295655393776516,0.1083909289028711,0.0225661254897768,0.0112023488430693,0.0340534237561565,0.0074125575616616,0.0021808704358929,0.0133755215302306,0.7777777777777778,0.0705814804265144,0.0631689228648528,0.5647609233856201
GSE123813,RobustBlend,1000,20260903,9,Qualified,True,0.1295655393776516,0.1083909289028711,0.0225661254897768,0.0116298891325425,0.0348725806756476,0.0074125575616616,0.0025367920553558,0.0129399203200394,0.7777777777777778,0.0705814804265144,0.0631689228648528,0.4966804981231689
GSE123813,RobustBlend,1000,20261003,9,Qualified,True,0.1295655393776516,0.1083909289028711,0.0225661254897768,0.0118242939268771,0.0344181628761908,0.0074125575616616,0.0022103832253133,0.0129313875132909,0.7777777777777778,0.0705814804265144,0.0631689228648528,0.4800834655761719
GSE123813,RobustBlend,1000,20261103,9,Qualified,True,0.1295655393776516,0.1083909289028711,0.0225661254897768,0.0118214451789759,0.035285795615975,0.0074125575616616,0.0025918229730366,0.013145135620584,0.7777777777777778,0.0705814804265144,0.0631689228648528,0.4924268722534179
GSE123813,RobustBlend,1000,20261203,9,Qualified,True,0.1295655393776516,0.1083909289028711,0.0225661254897768,0.0108974841543234,0.0346816246048456,0.0074125575616616,0.0024435298159192,0.0130316560238577,0.7777777777777778,0.0705814804265144,0.0631689228648528,0.5144472122192383
GSE123813,RobustBlend,2000,20260903,9,Qualified,True,0.1295655393776516,0.1083909289028711,0.0225661254897768,0.0117049097997635,0.0351057664653914,0.0074125575616616,0.0026156610157373,0.0130874078929188,0.7777777777777778,0.0705814804265144,0.0631689228648528,0.4783289432525635
GSE123813,RobustBlend,2000,20261003,9,Qualified,True,0.1295655393776516,0.1083909289028711,0.0225661254897768,0.0115553980582291,0.0350890708575906,0.0074125575616616,0.0022964834277317,0.0130577934083933,0.7777777777777778,0.0705814804265144,0.0631689228648528,0.5102694034576416
GSE123813,RobustBlend,2000,20261103,9,Qualified,True,0.1295655393776516,0.1083909289028711,0.0225661254897768,0.0119443120896226,0.034800426906789,0.0074125575616616,0.0025370135069702,0.0131359918236728,0.7777777777777778,0.0705814804265144,0.0631689228648528,0.4923005104064941
GSE123813,RobustBlend,2000,20261203,9,Qualified,True,0.1295655393776516,0.1083909289028711,0.0225661254897768,0.0111934118010626,0.034992194126485,0.0074125575616616,0.0026156610157373,0.0129289401201199,0.7777777777777778,0.0705814804265144,0.0631689228648528,0.5203967094421387
GSE236581,RobustBlend,250,20260903,21,Adverse,False,0.0820246408361404,0.0710490376710957,-0.0130510070851946,-0.0266289244535061,-0.0021220044159641,0.0,0.0,0.0,0.0,0.0941100864996925,0.0941100864996925,3.087031841278076
GSE236581,RobustBlend,250,20261003,21,Adverse,False,0.0820246408361404,0.0710490376710957,-0.0130510070851946,-0.0246398595656219,-0.001357563243419,0.0,0.0,0.0,0.0,0.0941100864996925,0.0941100864996925,3.2154667377471924
GSE236581,RobustBlend,250,20261103,21,Adverse,False,0.0820246408361404,0.0710490376710957,-0.0130510070851946,-0.0242193123843257,-0.0012654529257661,0.0,0.0,0.0,0.0,0.0941100864996925,0.0941100864996925,3.3030893802642822
GSE236581,RobustBlend,250,20261203,21,Equivocal,False,0.0820246408361404,0.0710490376710957,-0.0130510070851946,-0.0277170653132044,0.0011006359735852,0.0,0.0,0.0,0.0,0.0941100864996925,0.0941100864996925,3.211339235305786
GSE236581,RobustBlend,500,20260903,21,Adverse,False,0.0820246408361404,0.0710490376710957,-0.0130510070851946,-0.026859073990182,-0.0018969244252645,0.0,0.0,0.0,0.0,0.0941100864996925,0.0941100864996925,3.255360841751098
GSE236581,RobustBlend,500,20261003,21,Adverse,False,0.0820246408361404,0.0710490376710957,-0.0130510070851946,-0.024718650567349,-0.0010465585994341,0.0,0.0,0.0,0.0,0.0941100864996925,0.0941100864996925,3.1923248767852783
GSE236581,RobustBlend,500,20261103,21,Adverse,False,0.0820246408361404,0.0710490376710957,-0.0130510070851946,-0.0261034630407132,-0.0008892695336869,0.0,0.0,0.0,0.0,0.0941100864996925,0.0941100864996925,3.158698558807373
GSE236581,RobustBlend,500,20261203,21,Adverse,False,0.0820246408361404,0.0710490376710957,-0.0130510070851946,-0.0270876908007994,-0.0002548067144483,0.0,0.0,0.0,0.0,0.0941100864996925,0.0941100864996925,3.181480646133423
GSE236581,RobustBlend,1000,20260903,21,Adverse,False,0.0820246408361404,0.0710490376710957,-0.0130510070851946,-0.0261853611338722,-0.0016478605913686,0.0,0.0,0.0,0.0,0.0941100864996925,0.0941100864996925,3.2425882816314697
GSE236581,RobustBlend,1000,20261003,21,Adverse,False,0.0820246408361404,0.0710490376710957,-0.0130510070851946,-0.0255914305545321,-0.001116453222561,0.0,0.0,0.0,0.0,0.0941100864996925,0.0941100864996925,3.208870649337769
GSE236581,RobustBlend,1000,20261103,21,Adverse,False,0.0820246408361404,0.0710490376710957,-0.0130510070851946,-0.0265466830129266,-0.00114861429605,0.0,0.0,0.0,0.0,0.0941100864996925,0.0941100864996925,3.1901235580444336
GSE236581,RobustBlend,1000,20261203,21,Adverse,False,0.0820246408361404,0.0710490376710957,-0.0130510070851946,-0.026762973128605,-0.0002642205420691,0.0,0.0,0.0,0.0,0.0941100864996925,0.0941100864996925,3.051091432571411
GSE236581,RobustBlend,2000,20260903,21,Adverse,False,0.0820246408361404,0.0710490376710957,-0.0130510070851946,-0.0262082714784016,-0.0012983127850816,0.0,0.0,0.0,0.0,0.0941100864996925,0.0941100864996925,3.225018262863159
GSE236581,RobustBlend,2000,20261003,21,Adverse,False,0.0820246408361404,0.0710490376710957,-0.0130510070851946,-0.0265914828026536,-0.0011167909534289,0.0,0.0,0.0,0.0,0.0941100864996925,0.0941100864996925,3.2884907722473145
GSE236581,RobustBlend,2000,20261103,21,Adverse,False,0.0820246408361404,0.0710490376710957,-0.0130510070851946,-0.0267571783825414,-0.0013478583343885,0.0,0.0,0.0,0.0,0.0941100864996925,0.0941100864996925,3.42898941040039
GSE236581,RobustBlend,2000,20261203,21,Adverse,False,0.0820246408361404,0.0710490376710957,-0.0130510070851946,-0.0271423291739544,-0.0002789567683998,0.0,0.0,0.0,0.0,0.0941100864996925,0.0941100864996925,3.251660823822021
GSE272993_9state,RobustBlend,250,20260903,35,Promising,False,0.0688854174008777,0.0640920998921176,0.0014106706782444,0.0005079169491788,0.0023291323767816,0.0,0.0,0.0,0.0,0.0406732651189778,0.0406732651189778,11.488027572631836
GSE272993_9state,RobustBlend,250,20261003,35,Promising,False,0.0688854174008777,0.0640920998921176,0.0014106706782444,0.0006364315638502,0.0025682539117755,0.0,0.0,0.0,0.0,0.0406732651189778,0.0406732651189778,11.522781610488892
GSE272993_9state,RobustBlend,250,20261103,35,Promising,False,0.0688854174008777,0.0640920998921176,0.0014106706782444,0.0004813458292134,0.0025767254448946,0.0,0.0,0.0,0.0,0.0406732651189778,0.0406732651189778,11.846251249313354
GSE272993_9state,RobustBlend,250,20261203,35,Promising,False,0.0688854174008777,0.0640920998921176,0.0014106706782444,0.000376363203409,0.0024290887932385,0.0,0.0,0.0,0.0,0.0406732651189778,0.0406732651189778,11.56192111968994
GSE272993_9state,RobustBlend,500,20260903,35,Promising,False,0.0688854174008777,0.0640920998921176,0.0014106706782444,0.0004966198387502,0.0025420608633644,0.0,0.0,0.0,0.0,0.0406732651189778,0.0406732651189778,11.769903898239136
GSE272993_9state,RobustBlend,500,20261003,35,Promising,False,0.0688854174008777,0.0640920998921176,0.0014106706782444,0.000517732774019,0.0024822336122688,0.0,0.0,0.0,0.0,0.0406732651189778,0.0406732651189778,11.592252492904665
GSE272993_9state,RobustBlend,500,20261103,35,Promising,False,0.0688854174008777,0.0640920998921176,0.0014106706782444,0.0004334092827289,0.0024958526468402,0.0,0.0,0.0,0.0,0.0406732651189778,0.0406732651189778,11.89496922492981
GSE272993_9state,RobustBlend,500,20261203,35,Promising,False,0.0688854174008777,0.0640920998921176,0.0014106706782444,0.0003785330497298,0.0024493194124677,0.0,0.0,0.0,0.0,0.0406732651189778,0.0406732651189778,11.840535402297974
GSE272993_9state,RobustBlend,1000,20260903,35,Promising,False,0.0688854174008777,0.0640920998921176,0.0014106706782444,0.0004918733265513,0.0025155193284144,0.0,0.0,0.0,0.0,0.0406732651189778,0.0406732651189778,11.518840789794922
GSE272993_9state,RobustBlend,1000,20261003,35,Promising,False,0.0688854174008777,0.0640920998921176,0.0014106706782444,0.0004934824071907,0.0024067026774781,0.0,0.0,0.0,0.0,0.0406732651189778,0.0406732651189778,11.627551794052124
GSE272993_9state,RobustBlend,1000,20261103,35,Promising,False,0.0688854174008777,0.0640920998921176,0.0014106706782444,0.0003756577776602,0.0024492109327745,0.0,0.0,0.0,0.0,0.0406732651189778,0.0406732651189778,11.884361743927002
GSE272993_9state,RobustBlend,1000,20261203,35,Promising,False,0.0688854174008777,0.0640920998921176,0.0014106706782444,0.0004099779116122,0.0024485543008832,0.0,0.0,0.0,0.0,0.0406732651189778,0.0406732651189778,11.668508529663086
GSE272993_9state,RobustBlend,2000,20260903,35,Promising,False,0.0688854174008777,0.0640920998921176,0.0014106706782444,0.0004272740172065,0.0024702564835402,0.0,0.0,0.0,0.0,0.0406732651189778,0.0406732651189778,11.55219864845276
GSE272993_9state,RobustBlend,2000,20261003,35,Promising,False,0.0688854174008777,0.0640920998921176,0.0014106706782444,0.0004733843924143,0.0024053925284181,0.0,0.0,0.0,0.0,0.0406732651189778,0.0406732651189778,12.000956535339355
GSE272993_9state,RobustBlend,2000,20261103,35,Promising,False,0.0688854174008777,0.0640920998921176,0.0014106706782444,0.0003757961059461,0.0023991720254816,0.0,0.0,0.0,0.0,0.0406732651189778,0.0406732651189778,11.474938869476318
GSE272993_9state,RobustBlend,2000,20261203,35,Promising,False,0.06888541740087774,0.06409209989211762,0.0014106706782444633,0.00043390938334123084,0.002466426854989805,0.0,0.0,0.0,0.0,0.040673265118977876,0.040673265118977876,11.902978658676147
